{
  "dt": 1.0,
  "b0": [
    {
      "p0": 2.0,
      "xi0": 0.6,
      "surv_num": 0.9769083333333334,
      "surv_ml": 0.9728250050160676,
      "exit_probs_num_stay_therm_run": [
        0.9769083333333334,
        0.023091666666666667,
        0.0
      ],
      "exit_probs_ml_stay_therm_run": [
        0.9741083383560181,
        0.025890382006764412,
        1.2378108067423454e-06
      ],
      "flow_map_escape_frac": 0.0013174441583328343
    },
    {
      "p0": 5.0,
      "xi0": 0.9,
      "surv_num": 1.0,
      "surv_ml": 1.0,
      "exit_probs_num_stay_therm_run": [
        1.0,
        0.0,
        0.0
      ],
      "exit_probs_ml_stay_therm_run": [
        1.0,
        3.3775911845168594e-08,
        3.2064883263355952e-15
      ],
      "flow_map_escape_frac": 0.0
    }
  ],
  "b1": {
    "grid": [
      36,
      18
    ],
    "mc_per_point": 1500,
    "max_abs_err_thermal": 0.07256157485644021,
    "max_abs_err_runaway": 0.09619272581736249,
    "mean_abs_err_thermal": 0.002033369240951276,
    "mean_abs_err_runaway": 0.0005210675704950489
  },
  "b2": {
    "K": 10,
    "T": 10.0,
    "per_start": [
      {
        "p0": 2.0,
        "xi0": 0.6,
        "surv_final_num": 0.535945,
        "surv_final_ml": 0.551125,
        "thermal_final_num": 0.13519,
        "thermal_final_ml": 0.139575,
        "runaway_final_num": 0.328865,
        "runaway_final_ml": 0.3093,
        "terminal_sliced_W1": 0.027518528045833497
      },
      {
        "p0": 5.0,
        "xi0": 0.9,
        "surv_final_num": 0.0208,
        "surv_final_ml": 0.018325,
        "thermal_final_num": 3e-05,
        "thermal_final_ml": 3e-05,
        "runaway_final_num": 0.97917,
        "runaway_final_ml": 0.981645,
        "terminal_sliced_W1": 0.03775222399410286
      }
    ],
    "ml_time_s": 0.7322892060037702,
    "numerical_time_s": 117.18528970598709,
    "speedup": 160.02596890030324,
    "step_ratio": "10 vs 4000",
    "note": "numerical CPU, ML on cuda:0"
  }
}