{
  "model": "bounded",
  "dt": 1.0,
  "b0": [
    {
      "x0": 1.0,
      "surv_num": 0.9603166666666667,
      "surv_ml": 0.9571545322509515,
      "exit_head": 0.042787134647369385,
      "exit_true": 0.039683333333333334
    },
    {
      "x0": 5.0,
      "surv_num": 0.38538333333333336,
      "surv_ml": 0.39572566747665405,
      "exit_head": 0.604274332523346,
      "exit_true": 0.6146166666666667
    }
  ],
  "b1_exit_max_abs_err": 0.051229235490163116,
  "b1_exit_at_x5": {
    "head": 0.604274332523346,
    "true": 0.6136666666666667
  },
  "b1_survivor_W1": [
    {
      "x0": 1.5,
      "W1": 0.02040652244761968
    },
    {
      "x0": 3.0,
      "W1": 0.006976976583168303
    }
  ],
  "b2": {
    "K": 4,
    "T": 4.0,
    "per_start": [
      {
        "x0": 1.0,
        "surv_final_num": 0.35064,
        "surv_final_ml": 0.354265,
        "terminal_W1": 0.006277890865901993
      },
      {
        "x0": 5.0,
        "surv_final_num": 0.022765,
        "surv_final_ml": 0.02366,
        "terminal_W1": 0.022683310436189676
      }
    ],
    "ml_time_s": 0.3010071669705212,
    "numerical_time_s": 8.48649991711136,
    "speedup": 28.19368057752085,
    "step_ratio": "4 vs 800",
    "note": "numerical CPU, ML on cpu"
  }
}