{
  "model": "bounded_sd",
  "dt": 1.0,
  "b0": [
    {
      "x0": 1.0,
      "surv_num": 0.9949833333333333,
      "surv_ml": 0.995731218252331,
      "exit_head": 0.0042687817476689816,
      "exit_true": 0.005016666666666667
    },
    {
      "x0": 5.0,
      "surv_num": 0.81665,
      "surv_ml": 0.8249059021472931,
      "exit_head": 0.1750940978527069,
      "exit_true": 0.18335
    }
  ],
  "b1_exit_max_abs_err": 0.27525348019599916,
  "b1_exit_at_x5": {
    "head": 0.1750940978527069,
    "true": 0.177
  },
  "b1_survivor_W1": [
    {
      "x0": 1.5,
      "W1": 0.012496862526748418
    },
    {
      "x0": 3.0,
      "W1": 0.006266859863542672
    }
  ],
  "b2": {
    "K": 8,
    "T": 8.0,
    "per_start": [
      {
        "x0": 1.0,
        "surv_final_num": 0.62735,
        "surv_final_ml": 0.649245,
        "terminal_W1": 0.006483024577727922
      },
      {
        "x0": 5.0,
        "surv_final_num": 0.449425,
        "surv_final_ml": 0.469185,
        "terminal_W1": 0.009342970233931458
      }
    ],
    "ml_time_s": 0.9220878749620169,
    "numerical_time_s": 18.33446641685441,
    "speedup": 19.883643321532293,
    "step_ratio": "8 vs 1600",
    "note": "numerical CPU, ML on cpu"
  }
}